{
	"partitions" : [
		{
			"name" : "Top",
			"pins" : [
				{
					"name" : "HEX0[0]",
					"strict" : false
				},
				{
					"name" : "HEX0[1]",
					"strict" : false
				},
				{
					"name" : "HEX0[2]",
					"strict" : false
				},
				{
					"name" : "HEX0[3]",
					"strict" : false
				},
				{
					"name" : "HEX0[4]",
					"strict" : false
				},
				{
					"name" : "HEX0[5]",
					"strict" : false
				},
				{
					"name" : "HEX0[6]",
					"strict" : false
				},
				{
					"name" : "HEX3[0]",
					"strict" : false
				},
				{
					"name" : "HEX3[1]",
					"strict" : false
				},
				{
					"name" : "HEX3[2]",
					"strict" : false
				},
				{
					"name" : "HEX3[3]",
					"strict" : false
				},
				{
					"name" : "HEX3[4]",
					"strict" : false
				},
				{
					"name" : "HEX3[5]",
					"strict" : false
				},
				{
					"name" : "HEX3[6]",
					"strict" : false
				},
				{
					"name" : "GPIO_0[0]",
					"strict" : false
				},
				{
					"name" : "GPIO_0[1]",
					"strict" : false
				},
				{
					"name" : "GPIO_0[2]",
					"strict" : false
				},
				{
					"name" : "GPIO_0[3]",
					"strict" : false
				},
				{
					"name" : "GPIO_0[4]",
					"strict" : false
				},
				{
					"name" : "GPIO_0[5]",
					"strict" : false
				},
				{
					"name" : "GPIO_0[6]",
					"strict" : false
				},
				{
					"name" : "GPIO_0[7]",
					"strict" : false
				},
				{
					"name" : "GPIO_0[8]",
					"strict" : false
				},
				{
					"name" : "GPIO_0[9]",
					"strict" : false
				},
				{
					"name" : "GPIO_0[10]",
					"strict" : false
				},
				{
					"name" : "GPIO_0[11]",
					"strict" : false
				},
				{
					"name" : "GPIO_0[12]",
					"strict" : false
				},
				{
					"name" : "GPIO_0[13]",
					"strict" : false
				},
				{
					"name" : "GPIO_0[14]",
					"strict" : false
				},
				{
					"name" : "GPIO_0[15]",
					"strict" : false
				},
				{
					"name" : "GPIO_0[16]",
					"strict" : false
				},
				{
					"name" : "GPIO_0[17]",
					"strict" : false
				},
				{
					"name" : "GPIO_0[35]",
					"strict" : false
				},
				{
					"name" : "SW[0]",
					"strict" : false
				},
				{
					"name" : "SW[1]",
					"strict" : false
				},
				{
					"name" : "SW[2]",
					"strict" : false
				},
				{
					"name" : "SW[3]",
					"strict" : false
				},
				{
					"name" : "SW[4]",
					"strict" : false
				},
				{
					"name" : "SW[5]",
					"strict" : false
				},
				{
					"name" : "SW[6]",
					"strict" : false
				},
				{
					"name" : "SW[7]",
					"strict" : false
				},
				{
					"name" : "CLOCK_50",
					"strict" : false
				},
				{
					"name" : "SW[9]",
					"strict" : false
				},
				{
					"name" : "SW[8]",
					"strict" : false
				}
			]
		}
	]
}